{
  "method": "snpe",
  "model": "baseline",
  "n_trials": 1,
  "average_energy_scores": {
    "cash": 27145.17862646556,
    "revenue": 63044.018206342764,
    "customers": 581.1153824887597,
    "delta_n_plus": 230.80573956673152,
    "delta_n_minus": 391.21182254068884
  },
  "average_parameter_nll": 32.955848693847656,
  "average_posterior_std": {
    "p": 0.03325296209980973,
    "q": 0.11171990166145336,
    "K": 5521.69754817556,
    "v": 38.43758802729234,
    "gamma": 23.500081971925802,
    "b0": 34838.37818971806,
    "sigma_N": 26.406571574452016
  },
  "average_variance_ratio": {
    "p": 0.7929946171008149,
    "q": 0.9901944722776008,
    "K": 0.7511097296483931,
    "v": 0.726969670528188,
    "gamma": 0.34569741953218486,
    "b0": 0.8213580863185569,
    "sigma_N": 0.7662851719557765
  },
  "average_interval_width": {
    "cash": 49499.92308288843,
    "revenue": 104843.41105952143,
    "customers": 827.3650927245653,
    "delta_n_plus": 239.82573033506185,
    "delta_n_minus": 106.18341210347695
  },
  "average_interval_coverage": {
    "cash": 1.0,
    "revenue": 0.9230769230769231,
    "customers": 1.0,
    "delta_n_plus": 0.9230769230769231,
    "delta_n_minus": 0.9230769230769231
  },
  "average_inference_seconds": 8.991034738981398,
  "average_training_seconds": 22.727253171993652,
  "average_simulator_calls": 5000.0,
  "average_amortized_query_seconds": 8.991034738981398,
  "failure_mode_summary": {
    "surviving": {
      "predictive_ruin_probability": 0.0,
      "empirical_ruin_rate": 0.0
    }
  },
  "summary_path": "outputs/snpe_baseline/summary.json",
  "sbc_plot_path": "outputs/snpe_baseline/sbc_hist.png",
  "pit_plot_path": "outputs/snpe_baseline/pit_hist.png"
}